{
	"credit": "Made by StormDragon77",
	"textures": {
		"particle": "#texture"
	},
	"elements": [
		{
			"from": [4.97, 0, 5.97],
			"to": [11.03, 2, 10.03],
			"faces": {
				"north": {"uv": [5, 9, 11, 11], "texture": "#texture"},
				"east": {"uv": [6, 14, 10, 16], "texture": "#texture"},
				"south": {"uv": [5, 14, 11, 16], "texture": "#texture"},
				"west": {"uv": [5, 14, 9, 16], "texture": "#texture"},
				"up": {"uv": [5, 10, 11, 6], "texture": "#texture"},
				"down": {"uv": [5, 6, 11, 10], "texture": "#texture", "cullface": "down"}
			}
		}
	]
}