{
	"credit": "Made by StormDragon77",
	"ambientocclusion": false,
	"textures": {
		"1": "block/lever_base",
		"particle": "block/lever",
		"lever": "block/lever"
	},
	"elements": [
		{
			"from": [4.97, 0, 3.97],
			"to": [11.03, 3.03, 12.03],
			"faces": {
				"north": {"uv": [10, 11, 16, 14], "texture": "#1"},
				"east": {"uv": [8, 8, 16, 11], "texture": "#1"},
				"south": {"uv": [10, 11, 16, 14], "texture": "#1"},
				"west": {"uv": [8, 8, 16, 11], "texture": "#1"},
				"up": {"uv": [4, 0, 10, 8], "texture": "#1"},
				"down": {"uv": [10, 0, 16, 8], "texture": "#1", "cullface": "down"}
			}
		},
		{
			"from": [6.985, 1, 7],
			"to": [9.015, 11, 9],
			"rotation": {"angle": 45, "axis": "x", "origin": [8, 1, 8]},
			"faces": {
				"north": {"uv": [7, 6, 9, 16], "texture": "#lever"},
				"east": {"uv": [7, 6, 9, 16], "texture": "#lever"},
				"south": {"uv": [7, 6, 9, 16], "texture": "#lever"},
				"west": {"uv": [7, 6, 9, 16], "texture": "#lever"},
				"up": {"uv": [7, 6, 9, 8], "texture": "#lever"}
			}
		}
	]
}