{
	"credit": "Made by StormDragon77",
	"ambientocclusion": false,
	"textures": {
		"particle": "block/flower_pot",
		"flowerpot": "block/flower_pot",
		"dirt": "block/podzol_top",
		"bamboo": "block/bamboo_stalk",
		"leaf": "block/bamboo_singleleaf"
	},
	"elements": [
		{
			"from": [5.99, 4, 5.99],
			"to": [10.01, 4, 10.01],
			"faces": {
				"up": {"uv": [6, 6, 10, 10], "texture": "#dirt"},
				"down": {"uv": [6, 12, 10, 16], "texture": "#flowerpot", "cullface": "down"}
			}
		},
		{
			"from": [7, 0, 7],
			"to": [9, 16, 9],
			"faces": {
				"north": {"uv": [6, 0, 8, 16], "texture": "#bamboo"},
				"east": {"uv": [6, 0, 8, 16], "texture": "#bamboo"},
				"south": {"uv": [6, 0, 8, 16], "texture": "#bamboo"},
				"west": {"uv": [6, 0, 8, 16], "texture": "#bamboo"},
				"up": {"uv": [13, 0, 15, 2], "texture": "#bamboo"}
			}
		},
		{
			"from": [0, 2, 8],
			"to": [16, 18, 8],
			"shade": false,
			"faces": {
				"north": {"uv": [0, 0, 16, 16], "texture": "#leaf"},
				"south": {"uv": [16, 0, 0, 16], "texture": "#leaf"}
			}
		},
		{
			"from": [5, 0, 5],
			"to": [11, 6, 11],
			"faces": {
				"north": {"uv": [5, 10, 11, 16], "texture": "#flowerpot"},
				"east": {"uv": [5, 10, 11, 16], "texture": "#flowerpot"},
				"south": {"uv": [5, 10, 11, 16], "texture": "#flowerpot"},
				"west": {"uv": [5, 10, 11, 16], "texture": "#flowerpot"},
				"up": {"uv": [5, 5, 11, 11], "texture": "#flowerpot"},
				"down": {"uv": [10, 5, 16, 11], "texture": "#flowerpot"}
			}
		},
		{
			"from": [10.01, 4, 5.99],
			"to": [5.99, 6, 10.01],
			"faces": {
				"north": {"uv": [6, 10, 10, 12], "texture": "#flowerpot"},
				"east": {"uv": [6, 10, 10, 12], "texture": "#flowerpot"},
				"south": {"uv": [6, 10, 10, 12], "texture": "#flowerpot"},
				"west": {"uv": [6, 10, 10, 12], "texture": "#flowerpot"}
			}
		}
	]
}