{
	"credit": "Made by StormDragon77",
	"ambientocclusion": false,
	"textures": {
		"3": "block/cactus_prickles4",
		"particle": "block/flower_pot",
		"flowerpot": "block/flower_pot",
		"cactus_top": "block/cactus_top",
		"cactus": "block/cactus_side"
	},
	"elements": [
		{
			"from": [5, 0, 5],
			"to": [11, 6, 11],
			"faces": {
				"north": {"uv": [5, 10, 11, 16], "texture": "#flowerpot"},
				"east": {"uv": [5, 10, 11, 16], "texture": "#flowerpot"},
				"south": {"uv": [5, 10, 11, 16], "texture": "#flowerpot"},
				"west": {"uv": [5, 10, 11, 16], "texture": "#flowerpot"},
				"up": {"uv": [5, 5, 11, 11], "texture": "#flowerpot"},
				"down": {"uv": [16, 5, 10, 11], "texture": "#flowerpot", "cullface": "down"}
			}
		},
		{
			"from": [6, 5, 6],
			"to": [10, 15, 10],
			"faces": {
				"north": {"uv": [6, 0, 10, 10], "texture": "#cactus"},
				"east": {"uv": [6, 0, 10, 10], "texture": "#cactus"},
				"south": {"uv": [6, 0, 10, 10], "texture": "#cactus"},
				"west": {"uv": [6, 0, 10, 10], "texture": "#cactus"},
				"up": {"uv": [7, 8, 11, 12], "texture": "#cactus_top"}
			}
		},
		{
			"from": [5, 6, 9],
			"to": [11, 16, 9],
			"faces": {
				"north": {"uv": [0, 0, 6, 10], "texture": "#3"},
				"east": {"uv": [0, 0, 0, 10], "texture": "#missing"},
				"south": {"uv": [6, 0, 0, 10], "texture": "#3"},
				"west": {"uv": [0, 0, 0, 10], "texture": "#missing"},
				"up": {"uv": [0, 0, 6, 0], "texture": "#missing"},
				"down": {"uv": [0, 0, 6, 0], "texture": "#missing"}
			}
		},
		{
			"from": [5, 6, 7],
			"to": [11, 16, 7],
			"faces": {
				"north": {"uv": [16, 0, 10, 10], "texture": "#3"},
				"east": {"uv": [0, 0, 0, 10], "texture": "#missing"},
				"south": {"uv": [10, 0, 16, 10], "texture": "#3"},
				"west": {"uv": [0, 0, 0, 10], "texture": "#missing"},
				"up": {"uv": [0, 0, 6, 0], "texture": "#missing"},
				"down": {"uv": [0, 0, 6, 0], "texture": "#missing"}
			}
		},
		{
			"from": [9, 6, 5],
			"to": [9, 16, 11],
			"faces": {
				"north": {"uv": [0, 0, 0, 10], "texture": "#missing"},
				"east": {"uv": [10, 0, 16, 10], "texture": "#3"},
				"south": {"uv": [0, 0, 0, 10], "texture": "#missing"},
				"west": {"uv": [16, 0, 10, 10], "texture": "#3"},
				"up": {"uv": [0, 0, 0, 6], "texture": "#missing"},
				"down": {"uv": [0, 0, 0, 6], "texture": "#missing"}
			}
		},
		{
			"from": [7, 6, 5],
			"to": [7, 16, 11],
			"faces": {
				"north": {"uv": [0, 0, 0, 10], "texture": "#missing"},
				"east": {"uv": [6, 0, 0, 10], "texture": "#3"},
				"south": {"uv": [0, 0, 0, 10], "texture": "#missing"},
				"west": {"uv": [0, 0, 6, 10], "texture": "#3"},
				"up": {"uv": [0, 0, 0, 6], "texture": "#missing"},
				"down": {"uv": [0, 0, 0, 6], "texture": "#missing"}
			}
		}
	]
}