{
	"credit": "Made by StormDragon77",
	"ambientocclusion": false,
	"textures": {
		"3": "block/redstone_torch2",
		"slab": "block/smooth_stone",
		"particle": "block/repeater_on",
		"top": "block/repeater_on",
		"lit": "block/redstone_torch"
	},
	"elements": [
		{
			"from": [0, 0, 0],
			"to": [16, 2, 16],
			"faces": {
				"north": {"uv": [0, 14, 16, 16], "texture": "#slab", "cullface": "north"},
				"east": {"uv": [0, 14, 16, 16], "texture": "#slab", "cullface": "east"},
				"south": {"uv": [0, 14, 16, 16], "texture": "#slab", "cullface": "south"},
				"west": {"uv": [0, 14, 16, 16], "texture": "#slab", "cullface": "west"},
				"up": {"uv": [0, 0, 16, 16], "texture": "#top"},
				"down": {"uv": [0, 0, 16, 16], "texture": "#slab", "cullface": "down"}
			}
		},
		{
			"from": [7, 7, 6],
			"to": [9, 7, 8],
			"faces": {
				"up": {"uv": [7, 6, 9, 8], "texture": "#lit"}
			}
		},
		{
			"from": [7, 2, 5],
			"to": [7, 8, 9],
			"faces": {
				"east": {"uv": [6, 5, 10, 11], "texture": "#lit"},
				"west": {"uv": [6, 5, 10, 11], "texture": "#3"}
			}
		},
		{
			"from": [9, 2, 5],
			"to": [9, 8, 9],
			"rotation": {"angle": 0, "axis": "y", "origin": [10, 8, 8]},
			"faces": {
				"east": {"uv": [6, 5, 10, 11], "texture": "#3"},
				"west": {"uv": [6, 5, 10, 11], "texture": "#lit"}
			}
		},
		{
			"from": [6, 2, 6],
			"to": [10, 8, 6],
			"faces": {
				"north": {"uv": [6, 5, 10, 11], "texture": "#3"},
				"south": {"uv": [6, 5, 10, 11], "texture": "#lit"}
			}
		},
		{
			"from": [6, 2, 8],
			"to": [10, 8, 8],
			"rotation": {"angle": 0, "axis": "y", "origin": [8, 8, 10]},
			"faces": {
				"north": {"uv": [6, 5, 10, 11], "texture": "#lit"},
				"south": {"uv": [6, 5, 10, 11], "texture": "#3"}
			}
		},
		{
			"from": [7, 7, 2],
			"to": [9, 7, 4],
			"faces": {
				"up": {"uv": [7, 6, 9, 8], "texture": "#lit"}
			}
		},
		{
			"from": [7, 2, 1],
			"to": [7, 8, 5],
			"faces": {
				"east": {"uv": [6, 5, 10, 11], "texture": "#lit"},
				"west": {"uv": [6, 5, 10, 11], "texture": "#3"}
			}
		},
		{
			"from": [9, 2, 1],
			"to": [9, 8, 5],
			"rotation": {"angle": 0, "axis": "y", "origin": [10, 8, 8]},
			"faces": {
				"east": {"uv": [6, 5, 10, 11], "texture": "#3"},
				"west": {"uv": [6, 5, 10, 11], "texture": "#lit"}
			}
		},
		{
			"from": [6, 2, 2],
			"to": [10, 8, 2],
			"faces": {
				"north": {"uv": [6, 5, 10, 11], "texture": "#3"},
				"south": {"uv": [6, 5, 10, 11], "texture": "#lit"}
			}
		},
		{
			"from": [6, 2, 4],
			"to": [10, 8, 4],
			"rotation": {"angle": 0, "axis": "y", "origin": [8, 8, 10]},
			"faces": {
				"north": {"uv": [6, 5, 10, 11], "texture": "#lit"},
				"south": {"uv": [6, 5, 10, 11], "texture": "#3"}
			}
		}
	]
}