{
	"credit": "Made by StormDragon77",
	"parent": "block/block",
	"textures": {
		"3": "block/small_dripleaf_stem_top2",
		"particle": "block/small_dripleaf_top",
		"top": "block/small_dripleaf_top",
		"side": "block/small_dripleaf_side",
		"stem": "block/small_dripleaf_stem_top"
	},
	"elements": [
		{
			"from": [8, 2, 8],
			"to": [16, 3, 16],
			"shade": false,
			"faces": {
				"north": {"uv": [0, 0, 8, 1], "texture": "#side"},
				"east": {"uv": [0, 0, 8, 1], "texture": "#side"},
				"south": {"uv": [0, 0, 8, 1], "texture": "#side"},
				"west": {"uv": [0, 0, 8, 1], "texture": "#side"},
				"up": {"uv": [0, 0, 8, 8], "rotation": 180, "texture": "#top"}
			}
		},
		{
			"from": [8, 3, 8],
			"to": [16, 2, 16],
			"shade": false,
			"faces": {
				"north": {"uv": [0, 0, 8, 1], "texture": "#side"},
				"east": {"uv": [0, 0, 8, 1], "texture": "#side"},
				"south": {"uv": [0, 0, 8, 1], "texture": "#side"},
				"west": {"uv": [0, 0, 8, 1], "texture": "#side"},
				"down": {"uv": [0, 0, 8, 8], "rotation": 90, "texture": "#top"}
			}
		},
		{
			"from": [0, 7, 0],
			"to": [8, 8, 8],
			"shade": false,
			"faces": {
				"north": {"uv": [0, 0, 8, 1], "texture": "#side"},
				"east": {"uv": [0, 0, 8, 1], "texture": "#side"},
				"south": {"uv": [0, 0, 8, 1], "texture": "#side"},
				"west": {"uv": [0, 0, 8, 1], "texture": "#side"},
				"up": {"uv": [0, 0, 8, 8], "texture": "#top"}
			}
		},
		{
			"from": [0, 8, 0],
			"to": [8, 7, 8],
			"shade": false,
			"faces": {
				"north": {"uv": [0, 0, 8, 1], "texture": "#side"},
				"east": {"uv": [0, 0, 8, 1], "texture": "#side"},
				"south": {"uv": [0, 0, 8, 1], "texture": "#side"},
				"west": {"uv": [0, 0, 8, 1], "texture": "#side"},
				"down": {"uv": [0, 8, 8, 0], "texture": "#top"}
			}
		},
		{
			"from": [0, 11.01, 8],
			"to": [8, 12.01, 16],
			"shade": false,
			"faces": {
				"north": {"uv": [0, 0, 8, 1], "texture": "#side"},
				"east": {"uv": [0, 0, 8, 1], "texture": "#side"},
				"south": {"uv": [0, 0, 8, 1], "texture": "#side"},
				"west": {"uv": [0, 0, 8, 1], "texture": "#side"},
				"up": {"uv": [0, 8, 8, 0], "texture": "#top"}
			}
		},
		{
			"from": [0, 12.01, 8],
			"to": [8, 11.01, 16],
			"shade": false,
			"faces": {
				"north": {"uv": [0, 0, 8, 1], "texture": "#side"},
				"east": {"uv": [0, 0, 8, 1], "texture": "#side"},
				"south": {"uv": [0, 0, 8, 1], "texture": "#side"},
				"west": {"uv": [0, 0, 8, 1], "texture": "#side"},
				"down": {"uv": [0, 0, 8, 8], "texture": "#top"}
			}
		},
		{
			"from": [4.5, 0, 8],
			"to": [11.5, 14, 8],
			"shade": false,
			"rotation": {"angle": 45, "axis": "y", "origin": [8, 8, 8]},
			"faces": {
				"north": {"uv": [2, 0, 13, 14], "texture": "#stem"},
				"south": {"uv": [2, 0, 13, 14], "texture": "#3"}
			}
		},
		{
			"from": [4.5, 0, 8],
			"to": [11.5, 8, 8],
			"shade": false,
			"rotation": {"angle": -45, "axis": "y", "origin": [8, 8, 8]},
			"faces": {
				"north": {"uv": [2, 6, 13, 14], "texture": "#stem"},
				"south": {"uv": [2, 6, 13, 14], "texture": "#3"}
			}
		}
	]
}