{
	"credit": "Made with Blockbench",
	"textures": {
		"0": "block/sugar_cane",
		"particle": "block/sugar_cane"
	},
	"elements": [
		{
			"name": "cane1",
			"from": [10, 0, 13],
			"to": [12, 16, 15],
			"rotation": {"angle": 0, "axis": "y", "origin": [18, 8, 21]},
			"faces": {
				"north": {"uv": [9, 0, 11, 16], "texture": "#0", "tintindex": 0},
				"east": {"uv": [9, 0, 11, 16], "texture": "#0", "tintindex": 0},
				"south": {"uv": [9, 0, 11, 16], "texture": "#0", "tintindex": 0},
				"west": {"uv": [9, 0, 11, 16], "texture": "#0", "tintindex": 0},
				"up": {"uv": [1, 0, 3, 2], "texture": "#0", "tintindex": 0}
			}
		},
		{
			"name": "cane2",
			"from": [12, -3, 7],
			"to": [14, 13, 9],
			"rotation": {"angle": 0, "axis": "y", "origin": [20, 5, 15]},
			"faces": {
				"north": {"uv": [13, 0, 15, 16], "texture": "#0", "tintindex": 0},
				"east": {"uv": [13, 0, 15, 16], "texture": "#0", "tintindex": 0},
				"south": {"uv": [13, 0, 15, 16], "texture": "#0", "tintindex": 0},
				"west": {"uv": [13, 0, 15, 16], "texture": "#0", "tintindex": 0},
				"up": {"uv": [1, 0, 3, 2], "texture": "#0", "tintindex": 0}
			}
		},
		{
			"name": "cane4",
			"from": [2, -2, 4],
			"to": [4, 14, 6],
			"rotation": {"angle": 0, "axis": "y", "origin": [10, 6, 12]},
			"faces": {
				"north": {"uv": [9, 0, 11, 16], "texture": "#0", "tintindex": 0},
				"east": {"uv": [9, 0, 11, 16], "texture": "#0", "tintindex": 0},
				"south": {"uv": [9, 0, 11, 16], "texture": "#0", "tintindex": 0},
				"west": {"uv": [9, 0, 11, 16], "texture": "#0", "tintindex": 0},
				"up": {"uv": [1, 0, 3, 2], "texture": "#0", "tintindex": 0}
			}
		},
		{
			"name": "cane5",
			"from": [8, -1, 2],
			"to": [10, 15, 4],
			"rotation": {"angle": 0, "axis": "y", "origin": [16, 7, 10]},
			"faces": {
				"north": {"uv": [1, 0, 3, 16], "texture": "#0", "tintindex": 0},
				"east": {"uv": [1, 0, 3, 16], "texture": "#0", "tintindex": 0},
				"south": {"uv": [1, 0, 3, 16], "texture": "#0", "tintindex": 0},
				"west": {"uv": [1, 0, 3, 16], "texture": "#0", "tintindex": 0},
				"up": {"uv": [1, 0, 3, 2], "texture": "#0", "tintindex": 0}
			}
		},
		{
			"name": "cane6",
			"from": [3, -3, 11],
			"to": [5, 13, 13],
			"rotation": {"angle": 0, "axis": "y", "origin": [11, 5, 19]},
			"faces": {
				"north": {"uv": [1, 0, 3, 16], "texture": "#0", "tintindex": 0},
				"east": {"uv": [1, 0, 3, 16], "texture": "#0", "tintindex": 0},
				"south": {"uv": [1, 0, 3, 16], "texture": "#0", "tintindex": 0},
				"west": {"uv": [1, 0, 3, 16], "texture": "#0", "tintindex": 0},
				"up": {"uv": [1, 0, 3, 2], "texture": "#0", "tintindex": 0}
			}
		}
	]
}