{
	"credit": "Made by StormDragon77",
	"textures": {
		"particle": "#wall"
	},
	"elements": [
		{
			"name": "Center post",
			"from": [4, 0, 4],
			"to": [12, 16, 12],
			"faces": {
				"north": {"uv": [4, 0, 12, 16], "texture": "#wall"},
				"east": {"uv": [4, 0, 12, 16], "texture": "#wall"},
				"south": {"uv": [4, 0, 12, 16], "texture": "#wall"},
				"west": {"uv": [4, 0, 12, 16], "texture": "#wall"},
				"up": {"uv": [4, 4, 12, 12], "texture": "#top", "cullface": "up"},
				"down": {"uv": [4, 4, 12, 12], "texture": "#wall", "cullface": "down"}
			}
		}
	]
}