{
	"credit": "Made by StormDragon77",
	"textures": {
		"hook": "block/tripwire_hook",
		"particle": "block/oak_planks",
		"wood": "block/oak_planks"
	},
	"elements": [
		{
			"from": [6, 3.4, 6.5],
			"to": [10, 4.4, 10.5],
			"faces": {
				"north": {"uv": [6, 8, 10, 9], "texture": "#hook"},
				"east": {"uv": [5, 4, 6, 8], "rotation": 270, "texture": "#hook"},
				"south": {"uv": [6, 3, 10, 4], "texture": "#hook"},
				"west": {"uv": [10, 4, 11, 8], "rotation": 90, "texture": "#hook"},
				"up": {"uv": [10, 8, 6, 4], "texture": "#hook"},
				"down": {"uv": [6, 4, 10, 8], "texture": "#hook"}
			}
		},
		{
			"from": [7, 3.4, 9.5],
			"to": [9, 4.4, 9.5],
			"faces": {
				"north": {"uv": [7, 8, 9, 9], "texture": "#hook"}
			}
		},
		{
			"from": [7, 3.4, 7.5],
			"to": [9, 4.4, 7.5],
			"faces": {
				"south": {"uv": [7, 3, 9, 4], "texture": "#hook"}
			}
		},
		{
			"from": [7, 3.4, 7.5],
			"to": [7, 4.4, 9.5],
			"faces": {
				"east": {"uv": [7, 8, 9, 9], "texture": "#hook"}
			}
		},
		{
			"from": [9, 3.4, 7.5],
			"to": [9, 4.4, 9.5],
			"faces": {
				"west": {"uv": [7, 3, 9, 4], "texture": "#hook"}
			}
		},
		{
			"from": [7, 5.2, 10.1],
			"to": [9, 6.2, 15.1],
			"rotation": {"angle": -22.5, "axis": "x", "origin": [8, 6, 14]},
			"faces": {
				"north": {"uv": [7, 10, 9, 11], "texture": "#wood"},
				"east": {"uv": [9, 8, 10, 13], "rotation": 90, "texture": "#wood"},
				"west": {"uv": [5, 10, 6, 15], "rotation": 270, "texture": "#wood"},
				"up": {"uv": [7, 10, 9, 15], "texture": "#wood"},
				"down": {"uv": [6, 8, 8, 13], "texture": "#wood"}
			}
		},
		{
			"from": [6, 1, 14],
			"to": [10, 9, 16],
			"faces": {
				"north": {"uv": [6, 6, 10, 14], "texture": "#wood"},
				"east": {"uv": [14, 6, 16, 14], "texture": "#wood"},
				"south": {"uv": [6, 6, 10, 14], "texture": "#wood", "cullface": "south"},
				"west": {"uv": [0, 6, 2, 14], "texture": "#wood"},
				"up": {"uv": [6, 0, 10, 2], "texture": "#wood"},
				"down": {"uv": [12, 12, 16, 14], "texture": "#wood"}
			}
		}
	]
}