{
	"credit": "Made by StormDragon77",
	"ambientocclusion": false,
	"textures": {
		"particle": "block/tripwire",
		"texture": "block/tripwire"
	},
	"elements": [
		{
			"from": [7, 1.5, 0],
			"to": [9, 1.5, 16],
			"shade": false,
			"rotation": {"angle": 0, "axis": "y", "origin": [7.25, 8, 8]},
			"faces": {
				"up": {"uv": [0, 0, 16, 2], "rotation": 90, "texture": "#texture"},
				"down": {"uv": [16, 0, 0, 2], "rotation": 90, "texture": "#texture"}
			}
		},
		{
			"from": [8, 1.5, 7],
			"to": [16, 1.5, 9],
			"shade": false,
			"rotation": {"angle": 0, "axis": "y", "origin": [4, 8, 7.25]},
			"faces": {
				"up": {"uv": [8, 0, 16, 2], "texture": "#texture"},
				"down": {"uv": [8, 2, 16, 0], "texture": "#texture"}
			}
		}
	]
}