{
  "variants": {
    "facing=down,open=false": {
      "x": 180,
      "model": "minecraft:block/barrel_upsidedown"
    },
    "facing=down,open=true": {
      "x": 180,
      "model": "minecraft:block/barrel_upsidedown_open"
    },
    "facing=east,open=false": {
      "x": 90,
      "y": 90,
      "model": "minecraft:block/barrel_side_ne"
    },
    "facing=east,open=true": {
      "x": 90,
      "y": 90,
      "model": "minecraft:block/barrel_side_open_ne"
    },
    "facing=north,open=false": {
      "x": 90,
      "model": "minecraft:block/barrel_side_ne"
    },
    "facing=north,open=true": {
      "x": 90,
      "model": "minecraft:block/barrel_side_open_ne"
    },
    "facing=south,open=false": {
      "x": 90,
      "y": 180,
      "model": "minecraft:block/barrel_side_sw"
    },
    "facing=south,open=true": {
      "x": 90,
      "y": 180,
      "model": "minecraft:block/barrel_side_open_sw"
    },
    "facing=up,open=false": {
      "model": "minecraft:block/barrel"
    },
    "facing=up,open=true": {
      "model": "minecraft:block/barrel_open"
    },
    "facing=west,open=false": {
      "x": 90,
      "y": 270,
      "model": "minecraft:block/barrel_side_sw"
    },
    "facing=west,open=true": {
      "x": 90,
      "y": 270,
      "model": "minecraft:block/barrel_side_open_sw"
    }
  }
}